,from,to
0,3D bioprinting,3D printing ยง Bio-printing
1,3D bioprinting,Cultured meat
2,3D bioprinting,Ethics of bioprinting
3,3D bioprinting,Magnetic 3D bioprinting
4,3D bioprinting,Regenerative medicine
0,Cultured meat,BioArt
1,Cultured meat,Cellular agriculture society
2,Cultured meat,Factory farming divestment
3,Cultured meat,Food vs. feed
4,Cultured meat,Cultured leather
5,Cultured meat,Meat analogue
6,Cultured meat,Resource decoupling
7,Cultured meat,Timeline of cellular agriculture
8,Cultured meat,Tissue culture
9,Magnetic 3D bioprinting,Bio-printing
10,Regenerative medicine,Anti-aging medicine
11,Regenerative medicine,Artificial organ
12,Regenerative medicine,Biomedicine
13,Regenerative medicine,LIN28
14,Regenerative medicine,Polyphyodont
15,Regenerative medicine,Regeneration in humans
16,Regenerative medicine,Regenerative endodontics
17,Regenerative medicine,Rejuvenation (aging)
18,Regenerative medicine,TERMIS
19,Regenerative medicine,Tooth regeneration
0,BioArt,Cyberarts
1,BioArt,Digital art
2,BioArt,Ecological art
3,BioArt,Electronic art
4,BioArt,Environmental art
5,BioArt,Evolutionary art
6,BioArt,Genetic art
7,BioArt,Hybrid arts
8,BioArt,Internet art
9,BioArt,Neuroaesthetics
10,BioArt,New Media art
11,Food vs. feed,Agricultural productivity
12,Food vs. feed,Precision fermentation
13,Food vs. feed,Feed conversion ratio
14,Food vs. feed,Fish meal
15,Food vs. feed,Food race
16,Food vs. feed,Food vs. fuel
17,Timeline of cellular agriculture,Cultured Meat
18,Timeline of cellular agriculture,Cellular agriculture
19,Timeline of cellular agriculture,Cellular Agriculture Society
20,Timeline of cellular agriculture,Memphis Meats
21,Timeline of cellular agriculture,Veganism
22,Tissue culture,Cell culture
23,Tissue culture,Organ culture
24,Tissue culture,Microphysiometry
25,Tissue culture,Plant tissue culture
26,Artificial organ,kidney
27,Artificial organ,Biomechatronics
28,Artificial organ,Biomedical Engineering
29,Artificial organ,Decellularization
30,Artificial organ,Organ transplant
31,Artificial organ,Organ culture
32,Artificial organ,Tissue scaffold
33,Artificial organ,Xenotransplant
34,Artificial organ,Organoid
35,Polyphyodont,Regeneration (biology)
36,Polyphyodont,Regenerative medicine
37,Polyphyodont,Regenerative endodontics
38,Polyphyodont,Schultz's rule
39,Polyphyodont,Sinoconodon
40,Polyphyodont,Squamata
41,Polyphyodont,Tooth development
42,Regeneration in humans,Tissue engineering
43,Regenerative endodontics,Dental pulp stem cells
44,Regenerative endodontics,Toothache
45,Regenerative endodontics,Tooth regeneration
46,Tooth regeneration,Epithelial cell rests of Malassez
47,Tooth regeneration,Polyphyodont
48,Tooth regeneration,Regenerative endodontics
49,Tooth regeneration,Socket preservation
50,Tooth regeneration,Tooth development
